"case","pt"
"HAY","ahu discharge air temp sensor"
"HAY","ahu discharge air humidity sensor"
"HAY","ahu discharge air pressure sensor"
"HAY","ahu discharge air flow sensor"
"HAY","ahu discharge air fan cmd"
"HAY","ahu discharge air fan sensor"
"HAY","ahu return air temp sensor"
"HAY","ahu return air humidity sensor"
"HAY","ahu return air pressure sensor"
"HAY","ahu return air flow sensor"
"HAY","ahu return air co2 sensor"
"HAY","ahu return air fan cmd"
"HAY","ahu return air damper cmd"
"HAY","ahu mixed air temp sensor"
"HAY","ahu outside air temp sensor"
"HAY","ahu outside air humidity sensor"
"HAY","ahu outside air pressure sensor"
"HAY","ahu outside air flow sensor"
"HAY","ahu outside air flow sp"
"HAY","ahu outside air damper cmd"
"HAY","ahu exhaust air fan cmd"
"HAY","ahu exhaust air damper cmd"
"HAY","ahu cool stage cmd"
"HAY","ahu heat stage cmd"
"HAY","ahu humidifier cmd"
"HAY","ahu filter sensor"
"HAY","ahu freezeStat sensor"
"HAY","ahu heatWheel cmd"
"HAY","ahu faceBypass cmd"
"HAY","ahu bypass damper cmd"
"HAY","chiller run cmd"
"HAY","chiller run sensor"
"HAY","chiller enable cmd"
"HAY","chiller load cmd"
"HAY","chiller load sensor"
"HAY","chiller efficiency sensor"
"HAY","chiller power sensor"
"HAY","chiller energy sensor"
"HAY","chiller chilled water leaving temp sensor"
"HAY","chiller chilled water leaving temp sp"
"HAY","chiller chilled water leaving flow sensor"
"HAY","chiller chilled water leaving pressure sensor"
"HAY","chiller chilled water entering temp sensor"
"HAY","chiller chilled water entering flow sensor"
"HAY","chiller chilled water entering pressure sensor"
"HAY","chiller chilled water delta temp sensor"
"HAY","chiller chilled water delta flow sensor"
"HAY","chiller chilled water delta pressure sensor"
"HAY","chiller chilled water valve isolation cmd"
"HAY","chiller condenser water leaving temp sensor"
"HAY","chiller condenser water leaving flow sensor"
"HAY","chiller condenser water leaving pressure sensor"
"HAY","chiller condenser water entering temp sensor"
"HAY","chiller condenser water entering pressure sensor"
"HAY","chiller condenser water entering flow sensor"
"HAY","chiller condenser water valve isolation cmd"
"HAY","chiller condenser cmd"
"HAY","chiller condenser refrig temp sensor"
"HAY","chiller condenser refrig pressure sensor"
"HAY","chiller evaporator refrig temp sensor"
"HAY","chiller evaporator refrig pressure sensor"
"HAY","chillerPlant chilled water leaving temp sensor"
"HAY","chillerPlant chilled water leaving temp sp"
"HAY","chillerPlant chilled water leaving flow sensor"
"HAY","chillerPlant chilled water leaving pressure sensor"
"HAY","chillerPlant chilled water entering temp sensor"
"HAY","chillerPlant chilled water entering flow sensor"
"HAY","chillerPlant chilled water entering pressure sensor"
"HAY","chillerPlant chilled water delta temp sensor"
"HAY","chillerPlant chilled water delta flow sensor"
"HAY","chillerPlant chilled water delta pressure sensor"
"HAY","chillerPlant chilled water delta pressure sp"
"HAY","chillerPlant chilled water bypass valve cmd"
"HAY","chillerPlant condenser water delta pressure sensor"
"HAY","chillerPlant condenser water bypass valve cmd"
"HAY","coolingTower condenser water leaving temp sensor"
"HAY","coolingTower condenser water leaving temp sp"
"HAY","coolingTower condenser water leaving flow sensor"
"HAY","coolingTower condenser water leaving pressure sensor"
"HAY","coolingTower condenser water entering temp sensor"
"HAY","coolingTower condenser water entering pressure sensor"
"HAY","coolingTower condenser water entering flow sensor"
"HAY","coolingTower fan cmd"
"HAY","coolingTower fan sensor"
"HAY","elecMeter power sensor"
"HAY","elecMeter energy sensor"
"HAY","elecMeter current sensor"
"HAY","elecMeter current phase sensor"
"HAY","elecMeter volt sensor"
"HAY","elecMeter volt phase sensor"
"HAY","elecMeter pf sensor"
"HAY","elecMeter pf phase sensor"
"HAY","elecMeter freq sensor"
"HAY","heatExchanger chilled water leaving temp sensor"
"HAY","heatExchanger chilled water entering temp sensor"
"HAY","heatExchanger condenser water leaving temp sensor"
"HAY","heatExchanger condenser water entering flow sensor"
"HAY","vav discharge air temp sensor"
"HAY","vav discharge air pressure sensor"
"HAY","vav discharge air flow sensor"
"HAY","vav discharge air flow effective sp"
"HAY","vav discharge air flow min sp"
"HAY","vav discharge air flow max sp"
"HAY","vav discharge air flow reheating max sp"
"HAY","vav discharge air flow standby sp"
"HAY","vav discharge air fan cmd"
"HAY","vav discharge air fan sensor"
"HAY","vav discharge air damper cmd"
"HAY","vav entering air temp sensor"
"HAY","vav reheat cmd"
"HAY","vav vavMode sp"
"HAY","vav ductArea sp"
"HAY","vav perimeterHeat cmd"
"HAY","vfd run cmd"
"HAY","vfd run sensor"
"HAY","vfd enable cmd"
"HAY","vfd speed cmd"
"HAY","vfd freq cmd"
"HAY","zone zone air temp sensor"
"HAY","zone zone air temp effective sp"
"HAY","zone zone air temp occ cooling sp"
"HAY","zone zone air temp occ heating sp"
"HAY","zone zone air temp unocc cooling sp"
"HAY","zone zone air temp unocc heating sp"
"HAY","zone zone air temp standby cooling sp"
"HAY","zone zone air temp standby heating sp"
"HAY","zone zone air humidity sensor"
"HAY","zone zone air co2 sensor"
"HAY","zone zone air co2 sp"
